{"stats":{"minecraft:custom":{"minecraft:time_since_rest":1005641,"minecraft:sprint_one_cm":66721,"minecraft:inspect_dropper":88,"minecraft:walk_one_cm":19774,"minecraft:drop":12,"minecraft:inspect_hopper":8,"minecraft:tune_noteblock":573,"minecraft:fly_one_cm":6766546,"minecraft:open_chest":35,"minecraft:crouch_one_cm":979,"minecraft:play_time":1005641,"minecraft:open_shulker_box":12,"minecraft:sneak_time":63767,"minecraft:interact_with_lectern":57,"minecraft:jump":298,"minecraft:leave_game":9,"minecraft:time_since_death":1005641,"minecraft:total_world_time":1076142,"minecraft:inspect_dispenser":8},"minecraft:dropped":{"minecraft:diamond_sword":7,"minecraft:redstone_lamp":1,"minecraft:cyan_wool":2,"minecraft:dropper":1,"minecraft:lectern":1},"minecraft:used":{"minecraft:redstone_torch":397,"minecraft:deepslate_brick_wall":4,"minecraft:piston":21,"minecraft:sticky_piston":291,"minecraft:glass":1,"minecraft:dark_oak_planks":111,"minecraft:lever":307,"minecraft:writable_book":2,"minecraft:dropper":75,"minecraft:chiseled_deepslate":665,"minecraft:command_block":1,"minecraft:iron_block":8,"minecraft:yellow_stained_glass":68,"minecraft:lantern":4,"minecraft:barrier":6,"minecraft:dispenser":1,"minecraft:redstone":1968,"minecraft:lime_wool":617,"minecraft:stone_button":32,"minecraft:polished_deepslate_wall":12,"minecraft:oak_sign":12,"minecraft:lectern":9,"minecraft:chest":14,"minecraft:sandstone":8,"minecraft:smooth_quartz":4,"minecraft:composter":5,"minecraft:redstone_block":43,"minecraft:iron_door":8,"minecraft:magenta_stained_glass":4,"minecraft:deepslate":13,"minecraft:deepslate_bricks":154,"minecraft:yellow_wool":825,"minecraft:soul_lantern":3,"minecraft:debug_stick":3,"minecraft:orange_stained_glass":187,"minecraft:torch":4,"minecraft:purple_concrete":25,"minecraft:repeater":711,"minecraft:redstone_lamp":173,"minecraft:target":96,"minecraft:comparator":141,"minecraft:magenta_wool":138,"minecraft:written_book":5,"minecraft:hopper":44,"minecraft:lime_stained_glass":21,"minecraft:light_blue_wool":74,"minecraft:orange_wool":316,"minecraft:shulker_box":6,"minecraft:smooth_stone_slab":2,"minecraft:pumpkin_pie":4,"minecraft:note_block":100,"minecraft:cyan_wool":1292,"minecraft:observer":304,"minecraft:light_blue_stained_glass":12,"minecraft:purple_wool":146,"minecraft:stripped_spruce_log":22,"minecraft:cyan_stained_glass":46,"minecraft:purple_stained_glass":18,"minecraft:deepslate_tiles":4},"minecraft:picked_up":{"minecraft:repeater":1,"minecraft:redstone_lamp":1,"minecraft:diamond_sword":39,"minecraft:dropper":1,"minecraft:redstone":2,"minecraft:shulker_box":26,"minecraft:cyan_wool":3}},"DataVersion":2724}